{"stats":{"minecraft:used":{"minecraft:moss_carpet":60,"minecraft:iron_shovel":29,"minecraft:polished_deepslate":137,"minecraft:ladder":24,"minecraft:chest":22,"minecraft:shield":57,"minecraft:iron_sword":886,"minecraft:white_candle":20,"minecraft:jungle_planks":19,"minecraft:carrot":1,"minecraft:jungle_slab":31,"minecraft:tuff":3,"minecraft:polished_deepslate_stairs":27,"minecraft:bow":18,"minecraft:furnace":6,"minecraft:egg":1,"minecraft:potato":15,"minecraft:oak_planks":27,"minecraft:golden_apple":1,"minecraft:oak_leaves":16,"minecraft:cookie":84,"minecraft:crossbow":2,"minecraft:deepslate_brick_stairs":1,"minecraft:shears":326,"minecraft:deepslate_tiles":75,"waystones:waystone":3,"minecraft:lever":1,"minecraft:firework_rocket":2,"minecraft:melon_slice":24,"minecraft:bread":137,"minecraft:deepslate":8,"minecraft:dark_oak_fence":58,"minecraft:andesite":3,"minecraft:experience_bottle":5,"biomesoplenty:mahogany_planks":7,"minecraft:jungle_leaves":132,"graveyard:sarcophagus":6,"minecraft:redstone":4,"minecraft:torch":246,"minecraft:dirt":2,"minecraft:granite":6,"minecraft:dark_oak_planks":2,"minecraft:bookshelf":3,"minecraft:iron_axe":405,"minecraft:oak_stairs":6,"minecraft:glowstone":20,"minecraft:cobbled_deepslate":61,"minecraft:enchanted_golden_apple":1,"minecraft:cooked_mutton":2,"minecraft:water_bucket":12,"minecraft:deepslate_bricks":7,"biomesoplenty:mahogany_log":14,"minecraft:jungle_wood":16,"minecraft:stripped_dark_oak_log":1,"minecraft:oak_slab":7,"minecraft:crafting_table":9,"minecraft:white_bed":8,"minecraft:flower_pot":3,"minecraft:diamond_pickaxe":299,"minecraft:apple":32,"minecraft:iron_pickaxe":1444,"minecraft:jungle_stairs":4,"minecraft:cobblestone":125,"minecraft:bucket":12,"minecraft:yellow_bed":1},"minecraft:crafted":{"minecraft:oak_planks":332,"minecraft:lever":1,"minecraft:bookshelf":3,"minecraft:iron_boots":2,"minecraft:chest":15,"minecraft:jungle_stairs":8,"minecraft:oak_slab":6,"minecraft:deepslate":57,"minecraft:crafting_table":8,"minecraft:iron_helmet":2,"minecraft:jungle_pressure_plate":1,"minecraft:iron_chestplate":3,"minecraft:diamond_pickaxe":1,"minecraft:stick":192,"minecraft:iron_ingot":126,"minecraft:iron_pickaxe":5,"minecraft:shears":3,"biomesoplenty:mahogany_planks":88,"minecraft:furnace":6,"minecraft:moss_carpet":6,"minecraft:diamond":1,"minecraft:dark_oak_fence":57,"minecraft:polished_deepslate":80,"minecraft:iron_axe":2,"minecraft:ladder":21,"born_in_chaos_v1:fried_maggot":2,"minecraft:dark_oak_planks":64,"minecraft:wheat":189,"minecraft:iron_sword":5,"minecraft:mangrove_planks":8,"minecraft:bucket":3,"minecraft:glowstone":20,"minecraft:jungle_slab":18,"minecraft:bread":77,"minecraft:jungle_planks":44,"minecraft:oak_stairs":8,"minecraft:iron_shovel":2,"minecraft:iron_leggings":2,"minecraft:white_bed":1,"minecraft:torch":248},"minecraft:dropped":{"minecraft:iron_sword":5,"iceandfire:raw_silver":1,"minecraft:candle":5,"minecraft:porkchop":3,"minecraft:oak_log":2,"minecraft:glow_ink_sac":4,"minecraft:crafting_table":1,"minecraft:cookie":71,"biomesoplenty:mahogany_planks":4,"minecraft:lantern":1,"iceandfire:ectoplasm":5,"graveyard:corruption":14,"minecraft:dirt":20,"graveyard:leaning_skeleton":1,"minecraft:netherite_scrap":3,"born_in_chaos_v1:monster_skin":1,"minecraft:cracked_deepslate_tiles":17,"gravestone:obituary":80,"minecraft:gold_nugget":30,"minecraft:amethyst_shard":23,"minecraft:bone_meal":5,"minecraft:iron_pickaxe":6,"minecraft:dark_oak_planks":8,"minecraft:white_wool":5,"minecraft:bone":140,"minecraft:gravel":17,"biomesoplenty:toadstool":1,"minecraft:spyglass":1,"minecraft:cobbled_deepslate":32,"minecraft:wheat":23,"minecraft:soul_lantern":1,"born_in_chaos_v1:ethereal_spirit":1,"minecraft:beetroot":2,"minecraft:rotten_flesh":64,"minecraft:oak_planks":51,"minecraft:fern":2,"minecraft:white_candle":4,"minecraft:white_bed":5,"minecraft:carrot":2,"minecraft:chainmail_chestplate":1,"minecraft:poppy":1,"minecraft:gunpowder":19,"minecraft:beetroot_seeds":2,"born_in_chaos_v1:corpse_maggot":1,"minecraft:chest":4,"minecraft:ladder":12,"minecraft:arrow":26,"minecraft:oak_leaves":50,"minecraft:firework_rocket":4,"minecraft:enchanted_book":1,"minecraft:bread":99,"biomesoplenty:mahogany_log":108,"minecraft:iron_ingot":78,"minecraft:oak_slab":2,"minecraft:wheat_seeds":11,"minecraft:cobbled_deepslate_wall":1,"minecraft:iron_helmet":4,"minecraft:book":1,"minecraft:jungle_wood":1,"minecraft:amethyst_block":4,"minecraft:apple":80,"minecraft:granite":8,"minecraft:coal":188,"minecraft:stick":8,"minecraft:cobweb":160,"minecraft:jungle_slab":18,"minecraft:deepslate_brick_stairs":1,"minecraft:diorite":2,"minecraft:torch":89,"iceandfire:lightning_lily":1,"minecraft:rose_bush":1,"skilltree:gem":3,"minecraft:iron_leggings":3,"minecraft:oak_stairs":3,"minecraft:jungle_leaves":6,"minecraft:cyan_candle":3,"minecraft:wither_rose":14,"minecraft:white_banner":2,"minecraft:iron_axe":2,"minecraft:orange_bed":1,"minecraft:iron_shovel":1,"minecraft:string":24,"minecraft:bucket":2,"minecraft:redstone":8,"minecraft:moss_carpet":4,"immersivecaves:immersive_caves_guide":1,"minecraft:raw_copper":1,"minecraft:tuff":1,"minecraft:raw_iron":21,"minecraft:chicken":1,"minecraft:polished_deepslate_slab":7,"minecraft:wayfinder_armor_trim_smithing_template":1,"minecraft:iron_boots":9,"minecraft:shears":1,"biomesoplenty:sprout":1,"minecraft:deepslate_bricks":18,"minecraft:big_dripleaf":1,"minecraft:potato":391,"aether:iron_gloves":2,"minecraft:iron_chestplate":2,"minecraft:andesite":34,"minecraft:bamboo":1,"minecraft:raw_gold":6,"minecraft:cracked_deepslate_bricks":5,"graveyard:vase_block":4},"minecraft:broken":{"minecraft:iron_boots":1,"minecraft:iron_chestplate":1,"minecraft:iron_leggings":1,"minecraft:iron_sword":4,"minecraft:iron_pickaxe":6,"minecraft:iron_helmet":1},"minecraft:killed_by":{"born_in_chaos_v1:nightmare_stalker":2,"minecraft:creeper":2,"born_in_chaos_v1:spirit_guide":1,"born_in_chaos_v1:zombie_bruiser":4,"graveyard:acolyte":2,"resource_ghouls:prospector":1,"minecraft:vindicator":1,"resource_ghouls:diamond_stonebore":1,"graveyard:wraith":4,"minecraft:husk":5,"minecraft:player":2,"minecraft:spider":2,"born_in_chaos_v1:zombie_lumberjack":1,"minecraft:iron_golem":1,"apollyon:the_damned":4,"minecraft:skeleton":3,"born_in_chaos_v1:corpse_fish":1,"graveyard:corrupted_vindicator":6,"iceandfire:ghost":7,"cave_dweller:cave_dweller":2,"born_in_chaos_v1:dread_hound":1},"minecraft:killed":{"minecraft:cave_spider":8,"minecraft:witch":1,"born_in_chaos_v1:restless_spirit":2,"born_in_chaos_v1:zombie_lumberjack":3,"born_in_chaos_v1:door_knight_not_despawn":1,"born_in_chaos_v1:pumpkin_spirit":1,"minecraft:spider":8,"graveyard:wraith":9,"minecraft:skeleton":33,"graveyard:acolyte":9,"minecraft:pig":1,"born_in_chaos_v1:diamond_termite":18,"minecraft:salmon":7,"minecraft:creeper":2,"minecraft:pillager":22,"minecraft:zombie":28,"born_in_chaos_v1:dread_hound":1,"born_in_chaos_v1:corpse_fly":5,"resource_ghouls:prospector_4":1,"cave_dweller:cave_dweller":1,"graveyard:corrupted_pillager":13,"resource_ghouls:prospector":2,"resource_ghouls:gold_stonebore":1,"graveyard:corrupted_vindicator":11,"born_in_chaos_v1:zombie_bruiser":1,"born_in_chaos_v1:maggot":8,"resource_ghouls:coal_stonebore":3,"minecraft:husk":3,"born_in_chaos_v1:baby_skeleton":1,"born_in_chaos_v1:swarmer":1,"resource_ghouls:copper_stonebore":1,"minecraft:bat":1,"born_in_chaos_v1:decrepit_skeleton":4,"born_in_chaos_v1:bloody_gadfly":1,"iceandfire:ghost":4},"minecraft:custom":{"minecraft:interact_with_crafting_table":56,"minecraft:open_barrel":60,"minecraft:leave_game":13,"minecraft:time_since_death":24811,"minecraft:damage_resisted":31,"minecraft:sprint_one_cm":1519179,"minecraft:damage_blocked_by_shield":1820,"minecraft:drop":404,"minecraft:talked_to_villager":6,"minecraft:play_time":565327,"minecraft:deaths":61,"minecraft:jump":8470,"minecraft:walk_on_water_one_cm":84840,"minecraft:interact_with_furnace":36,"minecraft:interact_with_loom":2,"minecraft:sleep_in_bed":20,"minecraft:waystone_activated":4,"minecraft:damage_dealt":46477,"minecraft:crouch_one_cm":24543,"minecraft:mob_kills":225,"minecraft:damage_dealt_resisted":68,"minecraft:climb_one_cm":33289,"minecraft:walk_one_cm":1649919,"minecraft:sneak_time":14027,"minecraft:walk_under_water_one_cm":153616,"minecraft:total_world_time":565327,"minecraft:time_since_rest":24836,"minecraft:damage_absorbed":110,"minecraft:damage_taken":24896,"minecraft:trigger_trapped_chest":2,"minecraft:swim_one_cm":174427,"minecraft:fly_one_cm":1032470,"minecraft:open_chest":266,"minecraft:fall_one_cm":247286},"minecraft:picked_up":{"minecraft:iron_chestplate":2,"minecraft:wheat":43,"minecraft:flower_pot":13,"aether:iron_gloves":1,"graveyard:light_gray_urn":2,"minecraft:oak_stairs":1,"minecraft:wither_rose":14,"minecraft:enchanted_book":1,"minecraft:amethyst_block":3,"born_in_chaos_v1:black_argillite":1,"minecraft:polished_deepslate":63,"graveyard:candle_holder":18,"minecraft:music_disc_cat":1,"minecraft:string":46,"minecraft:raw_copper":7,"graveyard:sarcophagus":34,"minecraft:iron_leggings":4,"minecraft:experience_bottle":5,"minecraft:beetroot":2,"minecraft:deepslate_tiles":189,"minecraft:gold_nugget":20,"minecraft:cobbled_deepslate":420,"minecraft:bucket":1,"minecraft:rose_bush":1,"minecraft:iron_pickaxe":4,"minecraft:enchanted_golden_apple":1,"minecraft:melon_slice":24,"minecraft:mangrove_log":2,"minecraft:iron_boots":10,"minecraft:stick":22,"minecraft:deepslate_brick_wall":1,"minecraft:big_dripleaf":1,"minecraft:oak_fence":2,"minecraft:polished_deepslate_stairs":95,"minecraft:torch":196,"minecraft:porkchop":2,"minecraft:diorite":2,"graveyard:dark_iron_trapdoor":2,"minecraft:orange_bed":1,"iceandfire:lightning_lily":1,"minecraft:rotten_flesh":119,"graveyard:gray_urn":2,"minecraft:iron_block":14,"minecraft:red_tulip":1,"minecraft:deepslate_brick_stairs":89,"minecraft:cobblestone":298,"minecraft:jungle_log":6,"minecraft:andesite":77,"minecraft:jungle_wood":28,"minecraft:potato":466,"minecraft:flint":1,"minecraft:tuff":23,"graveyard:dark_iron_door":1,"minecraft:lantern":1,"skilltree:gem":10,"minecraft:lapis_lazuli":8,"minecraft:dirt":63,"minecraft:glass":128,"born_in_chaos_v1:monster_skin":1,"minecraft:leather_boots":1,"minecraft:bone":210,"minecraft:bow":3,"minecraft:cobbled_deepslate_wall":40,"minecraft:wheat_seeds":15,"minecraft:deepslate_brick_slab":4,"minecraft:raw_gold":7,"minecraft:glowstone_dust":384,"minecraft:bamboo":2,"minecraft:moss_block":4,"biomesoplenty:mahogany_planks":27,"minecraft:oak_planks":68,"biomesoplenty:toadstool":2,"graveyard:fire_brazier":13,"minecraft:music_disc_13":1,"graveyard:bone_dagger":1,"minecraft:jungle_planks":6,"minecraft:dark_oak_log":16,"minecraft:jungle_slab":35,"minecraft:barrel":1,"biomesoplenty:mahogany_leaves":22,"minecraft:jungle_leaves":148,"minecraft:white_candle":185,"minecraft:deepslate":55,"minecraft:diamond":1,"minecraft:soul_lantern":1,"waystones:waystone":3,"minecraft:crossbow":2,"minecraft:granite":14,"minecraft:grass":3,"minecraft:bone_meal":5,"minecraft:emerald":19,"minecraft:bread":188,"minecraft:cocoa_beans":6,"minecraft:diamond_pickaxe":1,"minecraft:dark_oak_fence":6,"minecraft:bricks":1,"minecraft:oak_leaves":108,"iceandfire:raw_silver":7,"minecraft:crafting_table":3,"born_in_chaos_v1:diamond_termite_shard":23,"minecraft:ladder":23,"gravestone:obituary":33,"resource_ghouls:broken_miners_helmet_4_helmet":1,"minecraft:shield":2,"minecraft:moss_carpet":61,"minecraft:iron_axe":2,"minecraft:netherite_scrap":6,"minecraft:iron_shovel":1,"graveyard:soul_fire_brazier":6,"graveyard:corruption":38,"minecraft:candle":54,"biomesoplenty:sprout":3,"minecraft:iron_nugget":47,"minecraft:poppy":1,"minecraft:chest":11,"minecraft:phantom_membrane":1,"biomesoplenty:hanging_cobweb":1,"minecraft:egg":1,"minecraft:polished_deepslate_slab":25,"minecraft:dark_oak_sapling":2,"minecraft:raw_iron":42,"immersivecaves:immersive_caves_guide":2,"minecraft:cookie":1,"graveyard:dark_iron_bars":8,"minecraft:carrot":43,"minecraft:redstone":14,"minecraft:dark_oak_planks":110,"minecraft:arrow":80,"minecraft:beetroot_seeds":2,"minecraft:jungle_stairs":3,"minecraft:deepslate_bricks":103,"minecraft:hay_block":39,"minecraft:cracked_deepslate_bricks":16,"minecraft:gold_ingot":17,"minecraft:skeleton_skull":2,"minecraft:white_wool":1,"minecraft:bone_block":4,"minecraft:cracked_deepslate_tiles":52,"born_in_chaos_v1:corpse_maggot":4,"minecraft:glow_ink_sac":4,"minecraft:fern":5,"graveyard:small_light_gray_urn":4,"graveyard:spruce_coffin":12,"minecraft:oak_log":103,"minecraft:chainmail_chestplate":4,"iceandfire:ectoplasm":5,"minecraft:yellow_bed":1,"minecraft:gunpowder":23,"minecraft:white_banner":1,"minecraft:cooked_mutton":2,"minecraft:apple":56,"minecraft:iron_ingot":108,"minecraft:cobweb":260,"minecraft:iron_sword":2,"minecraft:book":168,"minecraft:oak_slab":3,"minecraft:black_candle":8,"graveyard:pedestal":14,"born_in_chaos_v1:ethereal_spirit":2,"minecraft:gravel":17,"minecraft:amethyst_shard":23,"minecraft:white_bed":12,"minecraft:spider_eye":1,"biomesoplenty:mahogany_log":200,"minecraft:pumpkin_seeds":3,"graveyard:vase_block":6,"minecraft:iron_helmet":5,"minecraft:terracotta":3,"minecraft:stripped_dark_oak_log":1,"minecraft:coal":313},"minecraft:mined":{"minecraft:dark_oak_planks":13,"biomesoplenty:mossy_black_sand":1,"graveyard:pedestal":14,"minecraft:white_bed":8,"graveyard:gray_urn":1,"minecraft:jungle_slab":22,"graveyard:candle_holder":9,"minecraft:jungle_leaves":176,"minecraft:potted_blue_orchid":1,"minecraft:spruce_trapdoor":2,"minecraft:granite":16,"minecraft:grass_block":33,"minecraft:jungle_log":6,"minecraft:deepslate_bricks":90,"biomesoplenty:dried_salt":1,"minecraft:tall_seagrass":4,"minecraft:magma_block":3,"minecraft:glowstone":134,"minecraft:cobbled_deepslate":33,"minecraft:iron_ore":4,"minecraft:fire":12,"minecraft:barrel":1,"minecraft:moss_carpet":58,"minecraft:deepslate_lapis_ore":1,"minecraft:potted_dandelion":1,"minecraft:polished_deepslate_slab":31,"minecraft:dirt_path":3,"minecraft:oak_stairs":2,"biomesoplenty:webbing":12,"minecraft:deepslate_brick_stairs":83,"minecraft:potted_cornflower":1,"minecraft:iron_block":14,"minecraft:spruce_slab":1,"minecraft:orange_bed":1,"graveyard:light_gray_urn":2,"graveyard:dark_iron_trapdoor":4,"minecraft:polished_deepslate_stairs":92,"minecraft:deepslate_brick_wall":2,"graveyard:fire_brazier":13,"graveyard:spruce_coffin":11,"minecraft:soul_lantern":1,"biomesoplenty:hanging_cobweb_strand":1,"born_in_chaos_v1:infected_deepslate_diamond_ore":2,"minecraft:torch":17,"minecraft:jungle_stairs":4,"minecraft:melon":4,"minecraft:potted_warped_roots":2,"minecraft:chest":7,"resource_ghouls:quartz_ore":1,"minecraft:glass":6,"minecraft:cobblestone":2,"minecraft:white_candle":49,"minecraft:oak_planks":2,"minecraft:bricks":1,"minecraft:wall_torch":11,"minecraft:amethyst_block":1,"minecraft:skeleton_skull":2,"minecraft:jungle_wood":27,"minecraft:wheat":36,"graveyard:skull_pile":1,"minecraft:potted_poppy":1,"minecraft:yellow_stained_glass_pane":1,"minecraft:grass":35,"minecraft:cracked_deepslate_tiles":52,"minecraft:oak_log":88,"minecraft:beetroots":5,"minecraft:dirt":32,"minecraft:potted_red_tulip":1,"minecraft:cyan_candle":1,"minecraft:oak_leaves":136,"minecraft:deepslate":306,"iceandfire:lightning_lily":1,"minecraft:deepslate_tiles":201,"minecraft:tuff":16,"iceandfire:silver_ore":6,"minecraft:dark_oak_leaves":6,"minecraft:candle":30,"biomesoplenty:desert_grass":1,"minecraft:dark_oak_log":16,"born_in_chaos_v1:infected_diamond_ore":8,"minecraft:glow_lichen":1,"minecraft:ladder":16,"gravestone:gravestone":44,"minecraft:dark_oak_fence":6,"minecraft:cobbled_deepslate_slab":2,"minecraft:spruce_fence":1,"minecraft:jungle_planks":6,"graveyard:tg_deepslate":2,"minecraft:redstone_wire":2,"iceandfire:deepslate_silver_ore":1,"minecraft:moss_block":4,"graveyard:soul_fire_brazier":7,"minecraft:hay_block":38,"minecraft:deepslate_brick_slab":5,"minecraft:potted_dark_oak_sapling":1,"minecraft:carrots":10,"biomesoplenty:toadstool":5,"minecraft:andesite":34,"minecraft:polished_deepslate":64,"biomesoplenty:mahogany_leaves":26,"graveyard:sarcophagus":23,"minecraft:bookshelf":59,"minecraft:potatoes":12,"minecraft:deepslate_iron_ore":20,"minecraft:vine":5,"minecraft:lantern":1,"biomesoplenty:spider_egg":3,"minecraft:stone":212,"minecraft:bone_block":4,"minecraft:potted_allium":1,"minecraft:oak_slab":1,"minecraft:potted_lily_of_the_valley":1,"minecraft:stripped_dark_oak_log":2,"graveyard:small_light_gray_urn":5,"minecraft:crafting_table":1,"minecraft:cobbled_deepslate_wall":41,"minecraft:emerald_ore":2,"biomesoplenty:mahogany_planks":19,"minecraft:rose_bush":1,"minecraft:potted_oxeye_daisy":2,"minecraft:tall_grass":1,"minecraft:copper_ore":2,"biomesoplenty:sprout":13,"minecraft:cracked_deepslate_bricks":23,"minecraft:diorite":1,"minecraft:red_terracotta":1,"graveyard:vase_block":25,"biomesoplenty:mahogany_log":19,"minecraft:yellow_bed":1,"graveyard:dark_iron_bars":10,"minecraft:potted_azure_bluet":1,"minecraft:coal_ore":112,"minecraft:cocoa":1,"minecraft:gravel":8,"minecraft:flower_pot":1,"biomesoplenty:stringy_cobweb":2,"minecraft:cobweb":36,"minecraft:terracotta":3,"minecraft:fern":20}},"DataVersion":3465}