{"stats":{"minecraft:used":{"minecraft:moss_carpet":60,"minecraft:iron_shovel":13,"minecraft:ladder":24,"minecraft:chest":22,"minecraft:shield":37,"minecraft:iron_sword":714,"minecraft:white_candle":20,"minecraft:jungle_planks":19,"minecraft:carrot":1,"minecraft:jungle_slab":31,"minecraft:tuff":3,"minecraft:bow":18,"minecraft:egg":1,"minecraft:potato":15,"minecraft:oak_planks":27,"minecraft:golden_apple":1,"minecraft:oak_leaves":16,"minecraft:cookie":84,"minecraft:crossbow":2,"minecraft:shears":236,"minecraft:deepslate_tiles":1,"waystones:waystone":3,"minecraft:lever":1,"minecraft:firework_rocket":2,"minecraft:melon_slice":24,"minecraft:bread":112,"minecraft:dark_oak_fence":58,"minecraft:andesite":3,"minecraft:experience_bottle":5,"biomesoplenty:mahogany_planks":7,"minecraft:jungle_leaves":132,"minecraft:redstone":4,"minecraft:torch":229,"minecraft:granite":6,"minecraft:dark_oak_planks":2,"minecraft:bookshelf":3,"minecraft:iron_axe":355,"minecraft:oak_stairs":6,"minecraft:glowstone":20,"minecraft:cobbled_deepslate":60,"minecraft:enchanted_golden_apple":1,"minecraft:cooked_mutton":2,"minecraft:water_bucket":12,"minecraft:deepslate_bricks":3,"biomesoplenty:mahogany_log":14,"minecraft:jungle_wood":16,"minecraft:stripped_dark_oak_log":1,"minecraft:oak_slab":7,"minecraft:crafting_table":9,"minecraft:white_bed":8,"minecraft:flower_pot":3,"minecraft:apple":15,"minecraft:iron_pickaxe":1189,"minecraft:jungle_stairs":4,"minecraft:cobblestone":125,"minecraft:bucket":12,"minecraft:yellow_bed":1},"minecraft:crafted":{"minecraft:oak_planks":316,"minecraft:lever":1,"minecraft:bookshelf":3,"minecraft:iron_boots":2,"minecraft:chest":15,"minecraft:jungle_stairs":8,"minecraft:oak_slab":6,"minecraft:crafting_table":8,"minecraft:iron_helmet":2,"minecraft:jungle_pressure_plate":1,"minecraft:iron_chestplate":2,"minecraft:stick":180,"minecraft:iron_ingot":126,"minecraft:iron_pickaxe":5,"minecraft:shears":2,"biomesoplenty:mahogany_planks":88,"minecraft:moss_carpet":6,"minecraft:dark_oak_fence":57,"minecraft:iron_axe":2,"minecraft:ladder":21,"born_in_chaos_v1:fried_maggot":2,"minecraft:dark_oak_planks":64,"minecraft:wheat":189,"minecraft:iron_sword":4,"minecraft:mangrove_planks":8,"minecraft:bucket":3,"minecraft:glowstone":20,"minecraft:jungle_slab":18,"minecraft:bread":77,"minecraft:jungle_planks":44,"minecraft:oak_stairs":8,"minecraft:iron_shovel":1,"minecraft:iron_leggings":2,"minecraft:white_bed":1,"minecraft:torch":248},"minecraft:dropped":{"minecraft:iron_sword":2,"iceandfire:raw_silver":1,"minecraft:porkchop":3,"minecraft:glow_ink_sac":4,"minecraft:crafting_table":1,"minecraft:cookie":71,"biomesoplenty:mahogany_planks":4,"minecraft:lantern":1,"iceandfire:ectoplasm":5,"graveyard:corruption":2,"minecraft:dirt":13,"minecraft:netherite_scrap":3,"born_in_chaos_v1:monster_skin":1,"minecraft:cracked_deepslate_tiles":17,"gravestone:obituary":57,"minecraft:gold_nugget":30,"minecraft:amethyst_shard":23,"minecraft:bone_meal":5,"minecraft:iron_pickaxe":3,"minecraft:dark_oak_planks":8,"minecraft:white_wool":5,"minecraft:bone":37,"minecraft:gravel":17,"biomesoplenty:toadstool":1,"minecraft:spyglass":1,"minecraft:cobbled_deepslate":31,"minecraft:wheat":8,"minecraft:soul_lantern":1,"born_in_chaos_v1:ethereal_spirit":1,"minecraft:beetroot":2,"minecraft:rotten_flesh":41,"minecraft:oak_planks":3,"minecraft:fern":2,"minecraft:white_bed":5,"minecraft:carrot":2,"minecraft:chainmail_chestplate":1,"minecraft:poppy":1,"minecraft:gunpowder":19,"minecraft:beetroot_seeds":2,"born_in_chaos_v1:corpse_maggot":1,"minecraft:chest":4,"minecraft:ladder":12,"minecraft:arrow":14,"minecraft:oak_leaves":50,"minecraft:firework_rocket":4,"minecraft:enchanted_book":1,"minecraft:bread":76,"biomesoplenty:mahogany_log":108,"minecraft:iron_ingot":78,"minecraft:oak_slab":1,"minecraft:wheat_seeds":11,"minecraft:iron_helmet":3,"minecraft:book":1,"minecraft:jungle_wood":1,"minecraft:amethyst_block":3,"minecraft:apple":31,"minecraft:granite":8,"minecraft:coal":171,"minecraft:stick":8,"minecraft:cobweb":127,"minecraft:jungle_slab":18,"minecraft:deepslate_brick_stairs":1,"minecraft:diorite":2,"minecraft:torch":89,"iceandfire:lightning_lily":1,"skilltree:gem":3,"minecraft:iron_leggings":3,"minecraft:oak_stairs":3,"minecraft:jungle_leaves":6,"minecraft:wither_rose":14,"minecraft:iron_axe":2,"minecraft:orange_bed":1,"minecraft:iron_shovel":1,"minecraft:string":8,"minecraft:bucket":2,"minecraft:redstone":8,"immersivecaves:immersive_caves_guide":1,"minecraft:raw_copper":1,"minecraft:tuff":1,"minecraft:raw_iron":20,"minecraft:polished_deepslate_slab":7,"minecraft:wayfinder_armor_trim_smithing_template":1,"minecraft:iron_boots":6,"minecraft:shears":1,"minecraft:deepslate_bricks":18,"minecraft:big_dripleaf":1,"minecraft:potato":391,"aether:iron_gloves":1,"minecraft:iron_chestplate":2,"minecraft:andesite":34,"minecraft:bamboo":1,"minecraft:raw_gold":6,"minecraft:cracked_deepslate_bricks":5},"minecraft:broken":{"minecraft:iron_boots":1,"minecraft:iron_chestplate":1,"minecraft:iron_leggings":1,"minecraft:iron_sword":3,"minecraft:iron_pickaxe":3,"minecraft:iron_helmet":1},"minecraft:killed_by":{"born_in_chaos_v1:nightmare_stalker":2,"minecraft:creeper":2,"born_in_chaos_v1:spirit_guide":1,"born_in_chaos_v1:zombie_bruiser":4,"resource_ghouls:prospector":1,"resource_ghouls:diamond_stonebore":1,"graveyard:wraith":2,"minecraft:husk":5,"minecraft:player":2,"minecraft:spider":2,"born_in_chaos_v1:zombie_lumberjack":1,"minecraft:iron_golem":1,"apollyon:the_damned":2,"minecraft:skeleton":3,"born_in_chaos_v1:corpse_fish":1,"graveyard:corrupted_vindicator":1,"iceandfire:ghost":7,"cave_dweller:cave_dweller":1,"born_in_chaos_v1:dread_hound":1},"minecraft:killed":{"minecraft:cave_spider":8,"minecraft:witch":1,"born_in_chaos_v1:restless_spirit":2,"born_in_chaos_v1:zombie_lumberjack":3,"born_in_chaos_v1:door_knight_not_despawn":1,"born_in_chaos_v1:pumpkin_spirit":1,"minecraft:spider":8,"graveyard:wraith":6,"minecraft:skeleton":31,"graveyard:acolyte":3,"minecraft:pig":1,"born_in_chaos_v1:diamond_termite":18,"minecraft:salmon":7,"minecraft:creeper":2,"minecraft:pillager":17,"minecraft:zombie":21,"born_in_chaos_v1:dread_hound":1,"born_in_chaos_v1:corpse_fly":5,"resource_ghouls:prospector_4":1,"cave_dweller:cave_dweller":1,"graveyard:corrupted_pillager":3,"resource_ghouls:prospector":2,"graveyard:corrupted_vindicator":1,"born_in_chaos_v1:zombie_bruiser":1,"born_in_chaos_v1:maggot":8,"resource_ghouls:coal_stonebore":3,"minecraft:husk":3,"born_in_chaos_v1:swarmer":1,"minecraft:bat":1,"born_in_chaos_v1:decrepit_skeleton":3,"born_in_chaos_v1:bloody_gadfly":1,"iceandfire:ghost":4},"minecraft:custom":{"minecraft:interact_with_crafting_table":42,"minecraft:open_barrel":59,"minecraft:leave_game":13,"minecraft:time_since_death":129,"minecraft:damage_resisted":31,"minecraft:sprint_one_cm":1328277,"minecraft:damage_blocked_by_shield":1100,"minecraft:drop":309,"minecraft:talked_to_villager":6,"minecraft:play_time":469327,"minecraft:deaths":48,"minecraft:jump":7505,"minecraft:walk_on_water_one_cm":84339,"minecraft:interact_with_furnace":6,"minecraft:interact_with_loom":2,"minecraft:sleep_in_bed":17,"minecraft:waystone_activated":4,"minecraft:damage_dealt":34669,"minecraft:crouch_one_cm":17830,"minecraft:mob_kills":178,"minecraft:damage_dealt_resisted":68,"minecraft:climb_one_cm":21368,"minecraft:walk_one_cm":1364324,"minecraft:sneak_time":10570,"minecraft:walk_under_water_one_cm":143309,"minecraft:total_world_time":469327,"minecraft:time_since_rest":155,"minecraft:damage_absorbed":110,"minecraft:damage_taken":19762,"minecraft:trigger_trapped_chest":2,"minecraft:swim_one_cm":174427,"minecraft:fly_one_cm":931598,"minecraft:open_chest":223,"minecraft:fall_one_cm":226908},"minecraft:picked_up":{"minecraft:iron_chestplate":1,"minecraft:wheat":43,"minecraft:flower_pot":13,"graveyard:light_gray_urn":1,"minecraft:oak_stairs":1,"minecraft:wither_rose":14,"minecraft:enchanted_book":1,"minecraft:amethyst_block":3,"born_in_chaos_v1:black_argillite":1,"minecraft:polished_deepslate":12,"graveyard:candle_holder":6,"minecraft:music_disc_cat":1,"minecraft:string":34,"minecraft:raw_copper":5,"graveyard:sarcophagus":12,"minecraft:iron_leggings":3,"minecraft:experience_bottle":5,"minecraft:beetroot":2,"minecraft:deepslate_tiles":108,"minecraft:gold_nugget":20,"minecraft:cobbled_deepslate":302,"minecraft:bucket":1,"minecraft:iron_pickaxe":2,"minecraft:enchanted_golden_apple":1,"minecraft:melon_slice":24,"minecraft:mangrove_log":2,"minecraft:iron_boots":7,"minecraft:stick":22,"minecraft:big_dripleaf":1,"minecraft:polished_deepslate_stairs":49,"minecraft:torch":118,"minecraft:porkchop":2,"minecraft:diorite":2,"minecraft:orange_bed":1,"iceandfire:lightning_lily":1,"minecraft:rotten_flesh":103,"graveyard:gray_urn":1,"minecraft:iron_block":14,"minecraft:red_tulip":1,"minecraft:deepslate_brick_stairs":28,"minecraft:cobblestone":293,"minecraft:andesite":77,"minecraft:jungle_wood":28,"minecraft:potato":466,"minecraft:flint":1,"minecraft:tuff":23,"minecraft:lantern":1,"skilltree:gem":10,"minecraft:lapis_lazuli":8,"minecraft:dirt":36,"born_in_chaos_v1:monster_skin":1,"minecraft:leather_boots":1,"minecraft:bone":168,"minecraft:bow":3,"minecraft:cobbled_deepslate_wall":12,"minecraft:wheat_seeds":15,"minecraft:deepslate_brick_slab":4,"minecraft:raw_gold":7,"minecraft:glowstone_dust":384,"minecraft:bamboo":2,"minecraft:moss_block":4,"biomesoplenty:mahogany_planks":27,"minecraft:oak_planks":20,"biomesoplenty:toadstool":2,"graveyard:fire_brazier":3,"minecraft:music_disc_13":1,"minecraft:jungle_planks":6,"minecraft:dark_oak_log":16,"minecraft:jungle_slab":35,"minecraft:barrel":1,"minecraft:jungle_leaves":138,"minecraft:white_candle":84,"minecraft:soul_lantern":1,"waystones:waystone":3,"minecraft:crossbow":2,"minecraft:granite":14,"minecraft:bone_meal":5,"minecraft:emerald":17,"minecraft:bread":175,"minecraft:dark_oak_fence":6,"minecraft:bricks":1,"minecraft:oak_leaves":62,"iceandfire:raw_silver":7,"minecraft:crafting_table":3,"born_in_chaos_v1:diamond_termite_shard":23,"minecraft:ladder":15,"gravestone:obituary":23,"resource_ghouls:broken_miners_helmet_4_helmet":1,"minecraft:shield":2,"minecraft:moss_carpet":58,"minecraft:iron_axe":1,"minecraft:netherite_scrap":6,"graveyard:soul_fire_brazier":3,"graveyard:corruption":10,"minecraft:candle":8,"minecraft:iron_nugget":47,"minecraft:poppy":1,"minecraft:chest":11,"minecraft:phantom_membrane":1,"biomesoplenty:hanging_cobweb":1,"minecraft:egg":1,"minecraft:polished_deepslate_slab":21,"minecraft:dark_oak_sapling":2,"minecraft:raw_iron":41,"immersivecaves:immersive_caves_guide":2,"minecraft:cookie":1,"minecraft:carrot":43,"minecraft:redstone":14,"minecraft:dark_oak_planks":110,"minecraft:arrow":67,"minecraft:beetroot_seeds":2,"minecraft:jungle_stairs":3,"minecraft:deepslate_bricks":52,"minecraft:hay_block":39,"minecraft:cracked_deepslate_bricks":10,"minecraft:gold_ingot":17,"minecraft:skeleton_skull":1,"minecraft:white_wool":1,"minecraft:bone_block":4,"minecraft:cracked_deepslate_tiles":25,"born_in_chaos_v1:corpse_maggot":4,"minecraft:glow_ink_sac":4,"minecraft:fern":2,"graveyard:small_light_gray_urn":3,"graveyard:spruce_coffin":12,"minecraft:oak_log":97,"minecraft:chainmail_chestplate":3,"iceandfire:ectoplasm":5,"minecraft:yellow_bed":1,"minecraft:gunpowder":23,"minecraft:cooked_mutton":2,"minecraft:apple":7,"minecraft:iron_ingot":108,"minecraft:cobweb":215,"minecraft:iron_sword":2,"minecraft:book":168,"minecraft:oak_slab":2,"graveyard:pedestal":6,"born_in_chaos_v1:ethereal_spirit":2,"minecraft:gravel":17,"minecraft:amethyst_shard":23,"minecraft:white_bed":12,"minecraft:spider_eye":1,"biomesoplenty:mahogany_log":197,"graveyard:vase_block":2,"minecraft:iron_helmet":3,"minecraft:terracotta":3,"minecraft:stripped_dark_oak_log":1,"minecraft:coal":296},"minecraft:mined":{"minecraft:dark_oak_planks":13,"biomesoplenty:mossy_black_sand":1,"graveyard:pedestal":6,"minecraft:white_bed":8,"graveyard:gray_urn":1,"minecraft:jungle_slab":22,"graveyard:candle_holder":6,"minecraft:jungle_leaves":164,"minecraft:potted_blue_orchid":1,"minecraft:granite":16,"minecraft:grass_block":26,"minecraft:deepslate_bricks":38,"biomesoplenty:dried_salt":1,"minecraft:tall_seagrass":4,"minecraft:magma_block":3,"minecraft:glowstone":134,"minecraft:cobbled_deepslate":31,"minecraft:iron_ore":4,"minecraft:fire":12,"minecraft:barrel":1,"minecraft:moss_carpet":54,"minecraft:deepslate_lapis_ore":1,"minecraft:potted_dandelion":1,"minecraft:polished_deepslate_slab":26,"minecraft:dirt_path":3,"minecraft:oak_stairs":2,"biomesoplenty:webbing":10,"minecraft:deepslate_brick_stairs":50,"minecraft:potted_cornflower":1,"minecraft:iron_block":14,"minecraft:spruce_slab":1,"minecraft:orange_bed":1,"graveyard:light_gray_urn":1,"graveyard:dark_iron_trapdoor":1,"minecraft:polished_deepslate_stairs":50,"minecraft:deepslate_brick_wall":1,"graveyard:fire_brazier":3,"graveyard:spruce_coffin":11,"minecraft:soul_lantern":1,"biomesoplenty:hanging_cobweb_strand":1,"born_in_chaos_v1:infected_deepslate_diamond_ore":2,"minecraft:torch":17,"minecraft:jungle_stairs":4,"minecraft:melon":4,"minecraft:potted_warped_roots":1,"minecraft:chest":7,"resource_ghouls:quartz_ore":1,"minecraft:glass":6,"minecraft:cobblestone":2,"minecraft:white_candle":28,"minecraft:oak_planks":2,"minecraft:bricks":1,"minecraft:wall_torch":11,"minecraft:amethyst_block":1,"minecraft:skeleton_skull":1,"minecraft:jungle_wood":27,"minecraft:wheat":36,"minecraft:potted_poppy":1,"minecraft:yellow_stained_glass_pane":1,"minecraft:grass":31,"minecraft:cracked_deepslate_tiles":24,"minecraft:oak_log":85,"minecraft:beetroots":5,"minecraft:dirt":15,"minecraft:potted_red_tulip":1,"minecraft:cyan_candle":1,"minecraft:oak_leaves":86,"minecraft:deepslate":199,"iceandfire:lightning_lily":1,"minecraft:deepslate_tiles":120,"minecraft:tuff":16,"iceandfire:silver_ore":6,"minecraft:dark_oak_leaves":6,"minecraft:candle":5,"biomesoplenty:desert_grass":1,"minecraft:dark_oak_log":16,"born_in_chaos_v1:infected_diamond_ore":8,"minecraft:glow_lichen":1,"minecraft:ladder":16,"gravestone:gravestone":30,"minecraft:dark_oak_fence":6,"minecraft:cobbled_deepslate_slab":1,"minecraft:spruce_fence":1,"minecraft:jungle_planks":6,"minecraft:redstone_wire":2,"iceandfire:deepslate_silver_ore":1,"minecraft:moss_block":4,"graveyard:soul_fire_brazier":4,"minecraft:hay_block":38,"minecraft:deepslate_brick_slab":5,"minecraft:potted_dark_oak_sapling":1,"minecraft:carrots":10,"biomesoplenty:toadstool":3,"minecraft:andesite":34,"minecraft:polished_deepslate":13,"graveyard:sarcophagus":14,"minecraft:bookshelf":59,"minecraft:potatoes":12,"minecraft:deepslate_iron_ore":20,"minecraft:vine":5,"minecraft:lantern":1,"biomesoplenty:spider_egg":3,"minecraft:stone":206,"minecraft:bone_block":4,"minecraft:potted_allium":1,"minecraft:oak_slab":1,"minecraft:potted_lily_of_the_valley":1,"minecraft:stripped_dark_oak_log":2,"graveyard:small_light_gray_urn":4,"minecraft:crafting_table":1,"minecraft:cobbled_deepslate_wall":13,"minecraft:emerald_ore":2,"biomesoplenty:mahogany_planks":19,"minecraft:rose_bush":1,"minecraft:potted_oxeye_daisy":2,"minecraft:tall_grass":1,"minecraft:copper_ore":2,"biomesoplenty:sprout":9,"minecraft:cracked_deepslate_bricks":14,"minecraft:diorite":1,"minecraft:red_terracotta":1,"graveyard:vase_block":21,"biomesoplenty:mahogany_log":16,"minecraft:yellow_bed":1,"minecraft:potted_azure_bluet":1,"minecraft:coal_ore":112,"minecraft:gravel":8,"minecraft:flower_pot":1,"biomesoplenty:stringy_cobweb":2,"minecraft:cobweb":23,"minecraft:terracotta":3,"minecraft:fern":17}},"DataVersion":3465}