{"stats":{"minecraft:used":{"minecraft:iron_shovel":693,"minecraft:shield":1,"minecraft:chest":1,"minecraft:iron_sword":651,"graveyard:pedestal":2,"minecraft:jungle_slab":6,"minecraft:tuff":2,"born_in_chaos_v1:corpse_maggot":3,"minecraft:glass":447,"minecraft:red_wool":8,"minecraft:iron_helmet":1,"minecraft:dark_oak_slab":23,"minecraft:pink_wool":34,"minecraft:furnace":6,"minecraft:skeleton_skull":3,"minecraft:oak_planks":56,"graveyard:dark_iron_bars":70,"minecraft:oak_leaves":23,"minecraft:cookie":54,"minecraft:shears":61,"minecraft:deepslate_brick_stairs":2,"biomesoplenty:hanging_cobweb":2,"minecraft:bread":43,"minecraft:brown_wool":47,"graveyard:dark_iron_door":2,"minecraft:soul_lantern":5,"minecraft:dark_oak_fence":2,"biomesoplenty:mahogany_planks":12,"graveyard:candle_holder":5,"graveyard:sarcophagus":3,"minecraft:cracked_deepslate_bricks":4,"minecraft:torch":19,"minecraft:dirt":34,"minecraft:oak_wood":1,"minecraft:wooden_axe":71,"minecraft:dark_oak_planks":136,"biomesoplenty:stringy_cobweb":2,"minecraft:iron_axe":350,"graveyard:leaning_skeleton":1,"minecraft:cobbled_deepslate":49,"minecraft:cooked_mutton":2,"minecraft:amethyst_block":2,"minecraft:baked_potato":13,"minecraft:deepslate_bricks":5,"minecraft:jungle_wood":23,"minecraft:vine":11,"minecraft:crafting_table":7,"minecraft:red_bed":9,"graveyard:soul_fire_brazier":1,"minecraft:white_bed":6,"minecraft:oak_log":1,"minecraft:apple":24,"minecraft:oak_button":4,"minecraft:iron_pickaxe":519,"minecraft:cobblestone":29,"minecraft:black_candle":4},"minecraft:crafted":{"minecraft:oak_planks":44,"minecraft:cooked_mutton":1,"minecraft:glass":557,"minecraft:chest":1,"minecraft:oak_button":2,"minecraft:crafting_table":6,"minecraft:baked_potato":18,"minecraft:iron_helmet":2,"minecraft:red_wool":6,"minecraft:oak_wood":6,"minecraft:dark_oak_slab":12,"minecraft:pink_wool":12,"minecraft:shield":2,"minecraft:stick":20,"minecraft:iron_ingot":75,"minecraft:iron_pickaxe":1,"minecraft:shears":1,"biomesoplenty:mahogany_planks":40,"minecraft:furnace":4,"minecraft:bone_meal":6,"minecraft:pink_dye":12,"minecraft:dark_oak_fence":3,"minecraft:iron_axe":2,"minecraft:dark_oak_planks":112,"aether:iron_pendant":1,"minecraft:red_dye":12,"minecraft:jungle_wood":15,"minecraft:iron_sword":1,"minecraft:jungle_slab":6,"minecraft:jungle_planks":8,"minecraft:bread":13,"minecraft:air":0,"minecraft:white_dye":6,"minecraft:wooden_axe":1,"minecraft:iron_shovel":1,"minecraft:white_bed":1,"minecraft:torch":12},"minecraft:dropped":{"minecraft:iron_sword":2,"minecraft:oak_log":23,"minecraft:glow_ink_sac":10,"minecraft:diamond":2,"minecraft:cookie":5,"biomesoplenty:mahogany_planks":8,"minecraft:emerald":2,"gravestone:obituary":7,"minecraft:amethyst_shard":12,"minecraft:iron_pickaxe":3,"minecraft:dark_oak_planks":29,"minecraft:white_wool":13,"minecraft:cobbled_deepslate":71,"graveyard:dark_iron_ingot":3,"minecraft:white_candle":64,"minecraft:chainmail_chestplate":1,"minecraft:jungle_log":1,"minecraft:arrow":5,"minecraft:glass":128,"minecraft:bread":14,"minecraft:wheat_seeds":3,"minecraft:iron_helmet":2,"minecraft:oak_fence":2,"minecraft:feather":2,"minecraft:cobblestone":118,"graveyard:candle_holder":9,"minecraft:amethyst_block":3,"minecraft:stick":2,"minecraft:cobweb":7,"biomesoplenty:orange_sand":1,"minecraft:deepslate_brick_stairs":36,"minecraft:black_candle":8,"minecraft:torch":76,"minecraft:iron_leggings":1,"minecraft:iron_axe":1,"graveyard:soul_fire_brazier":1,"graveyard:gray_urn":1,"minecraft:iron_shovel":2,"minecraft:string":12,"minecraft:polished_deepslate":1,"graveyard:dark_iron_door":1,"immersivecaves:immersive_caves_guide":1,"minecraft:polished_deepslate_slab":3,"minecraft:iron_boots":1,"minecraft:cobbled_deepslate_slab":1,"minecraft:polished_deepslate_stairs":7,"minecraft:shield":1,"minecraft:diamond_pickaxe":1,"minecraft:iron_chestplate":2,"minecraft:andesite":16,"minecraft:raw_gold":6,"waystones:waystone":1,"graveyard:sarcophagus":14,"minecraft:cracked_deepslate_bricks":3},"minecraft:killed_by":{"born_in_chaos_v1:nightmare_stalker":2,"minecraft:creeper":2,"minecraft:pillager":1,"born_in_chaos_v1:baby_skeleton":1,"graveyard:acolyte":8,"graveyard:skeleton_creeper":1,"minecraft:vindicator":1,"minecraft:cave_spider":2,"born_in_chaos_v1:spirit_guide_assistant":1,"graveyard:wraith":6,"minecraft:husk":5,"born_in_chaos_v1:dark_vortex":1,"apollyon:the_damned":5,"graveyard:corrupted_vindicator":5,"graveyard:corrupted_pillager":1,"iceandfire:ghost":4,"cave_dweller:cave_dweller":1,"born_in_chaos_v1:dread_hound":2},"minecraft:broken":{"minecraft:iron_shovel":2,"minecraft:iron_sword":2,"minecraft:wooden_axe":1,"minecraft:iron_axe":1,"minecraft:iron_pickaxe":1,"minecraft:iron_helmet":1},"minecraft:killed":{"minecraft:cave_spider":3,"minecraft:spider":6,"graveyard:wraith":12,"born_in_chaos_v1:baby_skeleton_minion":1,"minecraft:skeleton":14,"graveyard:acolyte":4,"minecraft:chicken":2,"born_in_chaos_v1:bonescaller":1,"minecraft:iron_golem":2,"minecraft:sheep":1,"minecraft:pillager":15,"minecraft:zombie":24,"born_in_chaos_v1:dread_hound":3,"resource_ghouls:redstone_stonebore":1,"graveyard:corrupted_pillager":10,"apollyon:the_damned":1,"minecraft:cow":4,"graveyard:corrupted_vindicator":16,"born_in_chaos_v1:thornshell_crab":1,"born_in_chaos_v1:maggot":12,"born_in_chaos_v1:corpse_fish":6,"resource_ghouls:emerald_stonebore":1,"minecraft:bat":1,"born_in_chaos_v1:decrepit_skeleton":1,"minecraft:enderman":1},"minecraft:custom":{"minecraft:interact_with_crafting_table":42,"minecraft:open_barrel":45,"minecraft:leave_game":12,"minecraft:time_since_death":16913,"minecraft:sprint_one_cm":1028979,"minecraft:damage_blocked_by_shield":40,"minecraft:drop":84,"minecraft:talked_to_villager":3,"minecraft:play_time":596968,"minecraft:deaths":66,"minecraft:jump":10190,"minecraft:walk_on_water_one_cm":100404,"minecraft:interact_with_furnace":85,"minecraft:interact_with_loom":1,"minecraft:sleep_in_bed":30,"minecraft:waystone_activated":5,"minecraft:damage_dealt":33386,"minecraft:player_kills":2,"minecraft:crouch_one_cm":25667,"minecraft:mob_kills":149,"minecraft:damage_dealt_resisted":196,"minecraft:climb_one_cm":33677,"minecraft:walk_one_cm":1340540,"minecraft:sneak_time":12155,"minecraft:walk_under_water_one_cm":175847,"minecraft:interact_with_lectern":1,"minecraft:total_world_time":596968,"minecraft:time_since_rest":12309,"minecraft:damage_taken":21487,"minecraft:swim_one_cm":152397,"minecraft:fly_one_cm":1074172,"minecraft:open_chest":168,"minecraft:fall_one_cm":295652},"minecraft:picked_up":{"minecraft:iron_chestplate":4,"minecraft:wheat":15,"aether:iron_gloves":8,"minecraft:oak_stairs":1,"minecraft:wither_rose":1,"minecraft:enchanted_book":1,"born_in_chaos_v1:bloody_gadfly_eye":1,"minecraft:amethyst_block":8,"minecraft:polished_deepslate":1,"minecraft:string":54,"minecraft:raw_copper":2,"minecraft:iron_leggings":2,"graveyard:candle_holder":7,"graveyard:sarcophagus":5,"minecraft:deepslate_tiles":1,"minecraft:cobbled_deepslate":143,"minecraft:rose_bush":1,"minecraft:iron_pickaxe":7,"minecraft:melon_slice":56,"minecraft:iron_boots":3,"minecraft:furnace":2,"minecraft:stick":4,"minecraft:polished_deepslate_stairs":2,"minecraft:oak_fence":2,"minecraft:torch":9,"minecraft:vine":26,"graveyard:dark_iron_trapdoor":6,"born_in_chaos_v1:fried_maggot":2,"minecraft:rotten_flesh":53,"graveyard:gray_urn":1,"minecraft:iron_block":2,"minecraft:deepslate_brick_stairs":6,"minecraft:cobblestone":137,"minecraft:feather":3,"born_in_chaos_v1:spiritual_dust":1,"minecraft:jungle_log":40,"minecraft:andesite":18,"minecraft:brown_wool":47,"minecraft:jungle_wood":15,"minecraft:tuff":2,"graveyard:dark_iron_door":3,"minecraft:dirt":61,"skilltree:gem":18,"minecraft:lapis_lazuli":20,"born_in_chaos_v1:monster_skin":1,"minecraft:glass":32,"minecraft:bone":226,"minecraft:cobbled_deepslate_wall":3,"minecraft:wheat_seeds":15,"minecraft:raw_gold":8,"minecraft:cobbled_deepslate_slab":1,"minecraft:cyan_candle":6,"minecraft:moss_block":1,"minecraft:oak_planks":2,"biomesoplenty:mahogany_planks":8,"graveyard:fire_brazier":1,"minecraft:sand":687,"minecraft:jungle_slab":2,"minecraft:dark_oak_log":28,"minecraft:jungle_leaves":8,"minecraft:white_candle":26,"minecraft:diamond":4,"minecraft:soul_lantern":9,"waystones:waystone":2,"minecraft:crossbow":1,"minecraft:granite":4,"minecraft:bone_meal":8,"minecraft:emerald":9,"minecraft:bread":23,"born_in_chaos_v1:rotten_fish":5,"minecraft:oak_sapling":2,"minecraft:dark_oak_fence":53,"minecraft:oak_leaves":50,"iceandfire:raw_silver":2,"minecraft:cocoa_beans":27,"minecraft:crafting_table":3,"minecraft:chicken":3,"minecraft:ladder":4,"iceandfire:fire_lily":2,"minecraft:pink_wool":22,"gravestone:obituary":28,"minecraft:moss_carpet":3,"minecraft:red_bed":9,"minecraft:iron_shovel":2,"graveyard:soul_fire_brazier":3,"graveyard:corruption":42,"minecraft:candle":8,"minecraft:beef":8,"minecraft:poppy":12,"graveyard:leaning_skeleton":2,"minecraft:light_gray_wool":1,"biomesoplenty:wildflower":1,"biomesoplenty:hanging_cobweb":3,"minecraft:dark_oak_sapling":1,"minecraft:polished_deepslate_slab":3,"biomesoplenty:stringy_cobweb":2,"minecraft:raw_iron":38,"minecraft:stone_button":1,"minecraft:cookie":75,"graveyard:dark_iron_bars":70,"minecraft:carrot":1,"minecraft:dark_oak_planks":81,"minecraft:arrow":48,"minecraft:deepslate_bricks":7,"minecraft:cracked_deepslate_bricks":6,"born_in_chaos_v1:spiny_shell":3,"minecraft:glow_berries":4,"minecraft:mutton":1,"minecraft:white_wool":47,"minecraft:skeleton_skull":5,"biomesoplenty:orange_sand":1,"born_in_chaos_v1:fused_bone":1,"born_in_chaos_v1:corpse_maggot":3,"born_in_chaos_v1:monster_flesh":3,"minecraft:glow_ink_sac":10,"minecraft:leather":4,"minecraft:oak_log":40,"minecraft:gunpowder":26,"minecraft:white_banner":4,"minecraft:cooked_mutton":1,"minecraft:apple":24,"minecraft:iron_ingot":26,"minecraft:cobweb":76,"minecraft:iron_sword":8,"minecraft:book":16,"minecraft:black_candle":4,"minecraft:dark_oak_slab":11,"graveyard:pedestal":2,"minecraft:red_wool":8,"minecraft:quartz":2,"minecraft:dandelion":1,"minecraft:gravel":2,"minecraft:amethyst_shard":14,"minecraft:white_bed":7,"minecraft:spider_eye":4,"minecraft:oak_wood":1,"biomesoplenty:mahogany_log":42,"graveyard:vase_block":2,"minecraft:iron_helmet":2,"minecraft:oak_button":2,"minecraft:melon_seeds":6,"minecraft:coal":55,"minecraft:ender_pearl":4},"minecraft:mined":{"minecraft:dark_oak_planks":81,"minecraft:white_bed":7,"graveyard:pedestal":2,"graveyard:gray_urn":1,"minecraft:jungle_leaves":45,"graveyard:candle_holder":7,"minecraft:grass_block":8,"minecraft:brown_wool":47,"minecraft:jungle_log":40,"graveyard:dark_iron_door":3,"minecraft:deepslate_bricks":6,"graveyard:wither_skull_with_rib_cage":1,"minecraft:tall_seagrass":1,"minecraft:iron_ore":30,"minecraft:fire":1,"minecraft:cobbled_deepslate":34,"minecraft:moss_carpet":3,"minecraft:deepslate_lapis_ore":3,"biomesoplenty:hanging_cobweb":5,"biomesoplenty:webbing":2,"minecraft:deepslate_brick_stairs":2,"minecraft:iron_block":2,"minecraft:red_bed":9,"graveyard:dark_iron_trapdoor":3,"minecraft:deepslate_brick_wall":1,"graveyard:fire_brazier":1,"minecraft:soul_lantern":8,"graveyard:spruce_coffin":1,"minecraft:torch":1,"minecraft:melon":10,"minecraft:poppy":11,"iceandfire:fire_lily":2,"resource_ghouls:quartz_ore":2,"minecraft:glass":19,"minecraft:cobblestone":1,"minecraft:white_candle":2,"graveyard:skeleton_hand":2,"graveyard:lying_skeleton":2,"minecraft:oak_planks":2,"minecraft:wall_torch":4,"minecraft:amethyst_block":2,"minecraft:skeleton_skull":5,"minecraft:seagrass":3,"minecraft:dark_oak_slab":9,"minecraft:jungle_wood":8,"graveyard:skull_pile":2,"minecraft:grass":54,"graveyard:creeper_skeleton":4,"minecraft:oak_log":30,"minecraft:sand":659,"minecraft:dirt":17,"minecraft:cyan_candle":1,"minecraft:oak_leaves":74,"minecraft:deepslate":117,"minecraft:tuff":6,"iceandfire:silver_ore":2,"minecraft:dark_oak_leaves":14,"biomesoplenty:desert_grass":4,"minecraft:dark_oak_log":28,"gravestone:gravestone":61,"minecraft:ladder":1,"minecraft:dark_oak_fence":54,"minecraft:stone_button":1,"born_in_chaos_v1:black_argillite":1,"minecraft:pink_wool":22,"minecraft:large_fern":4,"graveyard:soul_fire_brazier":1,"minecraft:furnace":2,"minecraft:andesite":9,"minecraft:bookshelf":4,"graveyard:sarcophagus":3,"minecraft:deepslate_iron_ore":6,"minecraft:vine":30,"minecraft:brain_coral_wall_fan":2,"minecraft:stone":68,"biomesoplenty:spider_egg":1,"minecraft:white_wool":28,"minecraft:oak_slab":1,"minecraft:red_wool":8,"biomesoplenty:orange_sand":1,"minecraft:oak_fence":3,"minecraft:crafting_table":4,"minecraft:cobbled_deepslate_wall":2,"minecraft:oak_wood":1,"minecraft:rose_bush":1,"minecraft:tall_grass":10,"biomesoplenty:sprout":15,"minecraft:deepslate_gold_ore":1,"minecraft:cracked_deepslate_bricks":5,"graveyard:vase_block":2,"graveyard:skull_with_rib_cage":2,"biomesoplenty:mahogany_log":43,"graveyard:dark_iron_bars":70,"minecraft:coal_ore":36,"minecraft:cocoa":1,"minecraft:gravel":2,"graveyard:leaning_skeleton":2,"biomesoplenty:stringy_cobweb":6,"minecraft:cobweb":19,"minecraft:oak_button":2,"minecraft:gold_ore":1,"minecraft:fern":60}},"DataVersion":3465}