{"stats":{"minecraft:used":{"minecraft:iron_shovel":693,"minecraft:shield":1,"minecraft:chest":1,"minecraft:iron_sword":451,"graveyard:pedestal":2,"minecraft:jungle_slab":6,"minecraft:glass":387,"minecraft:red_wool":8,"minecraft:dark_oak_slab":23,"minecraft:pink_wool":34,"minecraft:furnace":6,"minecraft:skeleton_skull":3,"minecraft:oak_planks":7,"graveyard:dark_iron_bars":9,"minecraft:oak_leaves":23,"minecraft:cookie":38,"minecraft:shears":61,"biomesoplenty:hanging_cobweb":2,"minecraft:bread":37,"minecraft:brown_wool":47,"graveyard:dark_iron_door":2,"minecraft:soul_lantern":5,"minecraft:dark_oak_fence":2,"biomesoplenty:mahogany_planks":12,"graveyard:sarcophagus":3,"minecraft:torch":19,"minecraft:dirt":33,"minecraft:oak_wood":1,"minecraft:wooden_axe":71,"minecraft:dark_oak_planks":136,"biomesoplenty:stringy_cobweb":2,"minecraft:iron_axe":298,"minecraft:cobbled_deepslate":49,"minecraft:cooked_mutton":2,"minecraft:baked_potato":10,"minecraft:jungle_wood":23,"minecraft:vine":11,"minecraft:crafting_table":7,"minecraft:red_bed":7,"graveyard:soul_fire_brazier":1,"minecraft:white_bed":6,"minecraft:oak_log":1,"minecraft:apple":24,"minecraft:oak_button":4,"minecraft:iron_pickaxe":410,"minecraft:cobblestone":12},"minecraft:crafted":{"minecraft:oak_planks":44,"minecraft:cooked_mutton":1,"minecraft:glass":528,"minecraft:chest":1,"minecraft:oak_button":2,"minecraft:crafting_table":6,"minecraft:baked_potato":15,"minecraft:iron_helmet":1,"minecraft:red_wool":6,"minecraft:oak_wood":6,"minecraft:dark_oak_slab":12,"minecraft:pink_wool":12,"minecraft:shield":2,"minecraft:stick":20,"minecraft:iron_ingot":75,"minecraft:iron_pickaxe":1,"minecraft:shears":1,"biomesoplenty:mahogany_planks":40,"minecraft:furnace":4,"minecraft:bone_meal":6,"minecraft:pink_dye":12,"minecraft:dark_oak_fence":3,"minecraft:iron_axe":2,"minecraft:dark_oak_planks":112,"aether:iron_pendant":1,"minecraft:red_dye":12,"minecraft:jungle_wood":15,"minecraft:iron_sword":1,"minecraft:jungle_slab":6,"minecraft:jungle_planks":8,"minecraft:bread":13,"minecraft:air":0,"minecraft:white_dye":6,"minecraft:wooden_axe":1,"minecraft:iron_shovel":1,"minecraft:white_bed":1,"minecraft:torch":12},"minecraft:dropped":{"minecraft:iron_sword":2,"minecraft:oak_log":23,"minecraft:glow_ink_sac":10,"minecraft:cookie":5,"biomesoplenty:mahogany_planks":8,"minecraft:emerald":2,"gravestone:obituary":6,"minecraft:amethyst_shard":12,"minecraft:iron_pickaxe":3,"minecraft:dark_oak_planks":29,"minecraft:white_wool":13,"minecraft:cobbled_deepslate":64,"minecraft:white_candle":64,"minecraft:chainmail_chestplate":1,"minecraft:jungle_log":1,"minecraft:arrow":5,"minecraft:bread":14,"minecraft:wheat_seeds":3,"minecraft:iron_helmet":2,"minecraft:oak_fence":2,"minecraft:feather":2,"minecraft:cobblestone":118,"graveyard:candle_holder":9,"minecraft:amethyst_block":3,"minecraft:stick":2,"minecraft:cobweb":7,"biomesoplenty:orange_sand":1,"minecraft:deepslate_brick_stairs":36,"minecraft:black_candle":8,"minecraft:torch":76,"minecraft:iron_leggings":1,"minecraft:iron_axe":1,"graveyard:gray_urn":1,"minecraft:iron_shovel":2,"minecraft:string":12,"graveyard:dark_iron_door":1,"immersivecaves:immersive_caves_guide":1,"minecraft:iron_boots":1,"minecraft:polished_deepslate_stairs":7,"minecraft:shield":1,"minecraft:diamond_pickaxe":1,"minecraft:iron_chestplate":2,"minecraft:andesite":16,"minecraft:raw_gold":6,"waystones:waystone":1,"graveyard:sarcophagus":14,"minecraft:cracked_deepslate_bricks":3},"minecraft:killed_by":{"born_in_chaos_v1:nightmare_stalker":2,"minecraft:creeper":2,"minecraft:pillager":1,"born_in_chaos_v1:baby_skeleton":1,"graveyard:acolyte":6,"graveyard:skeleton_creeper":1,"minecraft:vindicator":1,"minecraft:cave_spider":2,"born_in_chaos_v1:spirit_guide_assistant":1,"graveyard:wraith":3,"minecraft:husk":5,"born_in_chaos_v1:dark_vortex":1,"apollyon:the_damned":4,"graveyard:corrupted_vindicator":4,"graveyard:corrupted_pillager":1,"iceandfire:ghost":4,"cave_dweller:cave_dweller":1,"born_in_chaos_v1:dread_hound":2},"minecraft:broken":{"minecraft:iron_shovel":2,"minecraft:wooden_axe":1,"minecraft:iron_axe":1,"minecraft:iron_pickaxe":1,"minecraft:iron_helmet":1},"minecraft:killed":{"minecraft:cave_spider":3,"minecraft:spider":6,"graveyard:wraith":2,"born_in_chaos_v1:baby_skeleton_minion":1,"minecraft:skeleton":14,"graveyard:acolyte":4,"minecraft:chicken":2,"born_in_chaos_v1:bonescaller":1,"minecraft:iron_golem":2,"minecraft:sheep":1,"minecraft:pillager":15,"minecraft:zombie":6,"born_in_chaos_v1:dread_hound":3,"resource_ghouls:redstone_stonebore":1,"graveyard:corrupted_pillager":9,"apollyon:the_damned":1,"minecraft:cow":4,"graveyard:corrupted_vindicator":11,"born_in_chaos_v1:thornshell_crab":1,"born_in_chaos_v1:maggot":3,"born_in_chaos_v1:corpse_fish":6,"resource_ghouls:emerald_stonebore":1,"minecraft:bat":1,"born_in_chaos_v1:decrepit_skeleton":1,"minecraft:enderman":1},"minecraft:custom":{"minecraft:interact_with_crafting_table":38,"minecraft:open_barrel":39,"minecraft:leave_game":12,"minecraft:time_since_death":1509,"minecraft:sprint_one_cm":878439,"minecraft:damage_blocked_by_shield":40,"minecraft:drop":72,"minecraft:talked_to_villager":3,"minecraft:play_time":500968,"minecraft:deaths":58,"minecraft:jump":9005,"minecraft:walk_on_water_one_cm":96214,"minecraft:interact_with_furnace":78,"minecraft:interact_with_loom":1,"minecraft:sleep_in_bed":24,"minecraft:waystone_activated":4,"minecraft:damage_dealt":24126,"minecraft:player_kills":2,"minecraft:crouch_one_cm":22427,"minecraft:mob_kills":101,"minecraft:damage_dealt_resisted":196,"minecraft:climb_one_cm":29935,"minecraft:walk_one_cm":1159071,"minecraft:sneak_time":9778,"minecraft:walk_under_water_one_cm":138026,"minecraft:total_world_time":500968,"minecraft:time_since_rest":1535,"minecraft:damage_taken":18728,"minecraft:swim_one_cm":148795,"minecraft:fly_one_cm":940409,"minecraft:open_chest":133,"minecraft:fall_one_cm":269005},"minecraft:picked_up":{"minecraft:iron_chestplate":4,"minecraft:wheat":15,"aether:iron_gloves":8,"minecraft:oak_stairs":1,"minecraft:wither_rose":1,"born_in_chaos_v1:bloody_gadfly_eye":1,"minecraft:amethyst_block":5,"minecraft:string":47,"minecraft:raw_copper":2,"minecraft:iron_leggings":2,"graveyard:candle_holder":1,"graveyard:sarcophagus":5,"minecraft:deepslate_tiles":1,"minecraft:cobbled_deepslate":136,"minecraft:rose_bush":1,"minecraft:iron_pickaxe":7,"minecraft:melon_slice":56,"minecraft:iron_boots":3,"minecraft:furnace":2,"minecraft:stick":2,"minecraft:oak_fence":2,"minecraft:torch":6,"minecraft:vine":26,"graveyard:dark_iron_trapdoor":3,"born_in_chaos_v1:fried_maggot":2,"minecraft:rotten_flesh":25,"minecraft:iron_block":2,"minecraft:deepslate_brick_stairs":4,"minecraft:cobblestone":137,"minecraft:feather":3,"born_in_chaos_v1:spiritual_dust":1,"minecraft:jungle_log":40,"minecraft:andesite":18,"minecraft:brown_wool":47,"minecraft:jungle_wood":15,"graveyard:dark_iron_door":3,"minecraft:dirt":58,"skilltree:gem":18,"minecraft:lapis_lazuli":20,"born_in_chaos_v1:monster_skin":1,"minecraft:glass":32,"minecraft:bone":193,"minecraft:cobbled_deepslate_wall":2,"minecraft:wheat_seeds":15,"minecraft:raw_gold":8,"minecraft:cyan_candle":6,"minecraft:moss_block":1,"minecraft:oak_planks":2,"biomesoplenty:mahogany_planks":8,"graveyard:fire_brazier":1,"minecraft:sand":687,"minecraft:jungle_slab":2,"minecraft:dark_oak_log":28,"minecraft:jungle_leaves":8,"minecraft:white_candle":8,"minecraft:soul_lantern":9,"waystones:waystone":2,"minecraft:crossbow":1,"minecraft:granite":4,"minecraft:bone_meal":8,"minecraft:emerald":9,"minecraft:bread":23,"born_in_chaos_v1:rotten_fish":5,"minecraft:oak_sapling":1,"minecraft:dark_oak_fence":2,"minecraft:oak_leaves":50,"iceandfire:raw_silver":2,"minecraft:cocoa_beans":27,"minecraft:crafting_table":3,"minecraft:chicken":3,"minecraft:ladder":1,"iceandfire:fire_lily":2,"minecraft:pink_wool":22,"gravestone:obituary":24,"minecraft:moss_carpet":2,"minecraft:red_bed":7,"minecraft:iron_shovel":2,"graveyard:soul_fire_brazier":2,"graveyard:corruption":38,"minecraft:candle":8,"minecraft:beef":8,"minecraft:poppy":12,"graveyard:leaning_skeleton":2,"minecraft:light_gray_wool":1,"biomesoplenty:wildflower":1,"biomesoplenty:hanging_cobweb":3,"minecraft:dark_oak_sapling":1,"biomesoplenty:stringy_cobweb":2,"minecraft:raw_iron":36,"minecraft:cookie":75,"graveyard:dark_iron_bars":9,"minecraft:carrot":1,"minecraft:dark_oak_planks":81,"minecraft:arrow":48,"minecraft:deepslate_bricks":2,"minecraft:cracked_deepslate_bricks":2,"born_in_chaos_v1:spiny_shell":3,"minecraft:glow_berries":3,"minecraft:mutton":1,"minecraft:white_wool":47,"minecraft:skeleton_skull":3,"biomesoplenty:orange_sand":1,"born_in_chaos_v1:fused_bone":1,"born_in_chaos_v1:monster_flesh":3,"minecraft:glow_ink_sac":10,"minecraft:leather":4,"minecraft:oak_log":40,"minecraft:gunpowder":26,"minecraft:white_banner":4,"minecraft:cooked_mutton":1,"minecraft:apple":24,"minecraft:iron_ingot":17,"minecraft:cobweb":66,"minecraft:iron_sword":8,"minecraft:book":13,"minecraft:dark_oak_slab":11,"graveyard:pedestal":2,"minecraft:red_wool":8,"minecraft:quartz":2,"minecraft:dandelion":1,"minecraft:gravel":2,"minecraft:amethyst_shard":14,"minecraft:white_bed":7,"minecraft:spider_eye":4,"minecraft:oak_wood":1,"biomesoplenty:mahogany_log":42,"graveyard:vase_block":2,"minecraft:iron_helmet":2,"minecraft:oak_button":2,"minecraft:melon_seeds":6,"minecraft:coal":50,"minecraft:ender_pearl":4},"minecraft:mined":{"minecraft:dark_oak_planks":81,"minecraft:white_bed":7,"graveyard:pedestal":2,"minecraft:jungle_leaves":43,"graveyard:candle_holder":1,"minecraft:grass_block":7,"minecraft:brown_wool":47,"minecraft:jungle_log":40,"graveyard:dark_iron_door":3,"graveyard:wither_skull_with_rib_cage":1,"minecraft:tall_seagrass":1,"minecraft:iron_ore":30,"minecraft:fire":1,"minecraft:cobbled_deepslate":34,"minecraft:moss_carpet":2,"minecraft:deepslate_lapis_ore":3,"biomesoplenty:hanging_cobweb":5,"biomesoplenty:webbing":2,"minecraft:iron_block":2,"minecraft:red_bed":7,"graveyard:dark_iron_trapdoor":3,"graveyard:fire_brazier":1,"minecraft:soul_lantern":8,"graveyard:spruce_coffin":1,"minecraft:torch":1,"minecraft:melon":10,"minecraft:poppy":11,"iceandfire:fire_lily":2,"resource_ghouls:quartz_ore":2,"minecraft:glass":14,"minecraft:cobblestone":1,"graveyard:skeleton_hand":1,"graveyard:lying_skeleton":1,"minecraft:oak_planks":2,"minecraft:wall_torch":2,"minecraft:skeleton_skull":3,"minecraft:seagrass":3,"minecraft:dark_oak_slab":9,"minecraft:jungle_wood":8,"graveyard:skull_pile":2,"minecraft:grass":54,"graveyard:creeper_skeleton":3,"minecraft:oak_log":30,"minecraft:sand":659,"minecraft:dirt":17,"minecraft:cyan_candle":1,"minecraft:oak_leaves":72,"minecraft:deepslate":116,"minecraft:tuff":4,"iceandfire:silver_ore":2,"minecraft:dark_oak_leaves":14,"biomesoplenty:desert_grass":4,"minecraft:dark_oak_log":28,"gravestone:gravestone":51,"minecraft:ladder":1,"minecraft:dark_oak_fence":2,"born_in_chaos_v1:black_argillite":1,"minecraft:pink_wool":22,"minecraft:large_fern":4,"graveyard:soul_fire_brazier":1,"minecraft:furnace":2,"minecraft:andesite":9,"minecraft:bookshelf":3,"graveyard:sarcophagus":3,"minecraft:deepslate_iron_ore":6,"minecraft:vine":29,"minecraft:brain_coral_wall_fan":2,"minecraft:stone":68,"biomesoplenty:spider_egg":1,"minecraft:white_wool":28,"minecraft:oak_slab":1,"minecraft:red_wool":8,"biomesoplenty:orange_sand":1,"minecraft:oak_fence":3,"minecraft:crafting_table":4,"minecraft:cobbled_deepslate_wall":1,"minecraft:oak_wood":1,"minecraft:rose_bush":1,"minecraft:tall_grass":10,"biomesoplenty:sprout":12,"minecraft:deepslate_gold_ore":1,"graveyard:vase_block":1,"graveyard:skull_with_rib_cage":2,"biomesoplenty:mahogany_log":43,"graveyard:dark_iron_bars":8,"minecraft:coal_ore":36,"minecraft:cocoa":1,"minecraft:gravel":2,"graveyard:leaning_skeleton":2,"biomesoplenty:stringy_cobweb":6,"minecraft:cobweb":15,"minecraft:oak_button":2,"minecraft:gold_ore":1,"minecraft:fern":60}},"DataVersion":3465}