{"stats":{"minecraft:used":{"biomesoplenty:mahogany_planks":12,"minecraft:iron_shovel":573,"minecraft:chest":1,"minecraft:iron_sword":255,"minecraft:torch":19,"minecraft:dirt":33,"minecraft:jungle_slab":6,"minecraft:oak_wood":1,"minecraft:dark_oak_planks":126,"minecraft:glass":238,"minecraft:wooden_axe":71,"biomesoplenty:stringy_cobweb":2,"minecraft:red_wool":8,"minecraft:iron_axe":268,"minecraft:dark_oak_slab":23,"minecraft:pink_wool":34,"minecraft:furnace":3,"minecraft:cobbled_deepslate":49,"minecraft:cooked_mutton":2,"minecraft:oak_planks":7,"minecraft:baked_potato":10,"minecraft:cookie":34,"minecraft:oak_leaves":23,"minecraft:jungle_wood":23,"minecraft:crafting_table":7,"minecraft:red_bed":7,"minecraft:white_bed":6,"minecraft:shears":52,"minecraft:oak_log":1,"minecraft:apple":24,"biomesoplenty:hanging_cobweb":2,"minecraft:iron_pickaxe":357,"minecraft:bread":21,"minecraft:brown_wool":47,"minecraft:soul_lantern":5,"minecraft:cobblestone":12,"minecraft:dark_oak_fence":2},"minecraft:crafted":{"minecraft:oak_planks":44,"biomesoplenty:mahogany_planks":40,"minecraft:furnace":2,"minecraft:bone_meal":6,"minecraft:pink_dye":12,"minecraft:cooked_mutton":1,"minecraft:glass":262,"minecraft:dark_oak_fence":3,"minecraft:iron_axe":2,"minecraft:chest":1,"minecraft:dark_oak_planks":112,"aether:iron_pendant":1,"minecraft:red_dye":12,"minecraft:jungle_wood":15,"minecraft:crafting_table":6,"minecraft:iron_helmet":1,"minecraft:baked_potato":15,"minecraft:iron_sword":1,"minecraft:red_wool":6,"minecraft:oak_wood":6,"minecraft:jungle_slab":6,"minecraft:air":0,"minecraft:bread":13,"minecraft:jungle_planks":8,"minecraft:dark_oak_slab":12,"minecraft:pink_wool":12,"minecraft:shield":1,"minecraft:white_dye":6,"minecraft:stick":20,"minecraft:iron_ingot":42,"minecraft:iron_pickaxe":1,"minecraft:wooden_axe":1,"minecraft:iron_shovel":1,"minecraft:white_bed":1,"minecraft:torch":12,"minecraft:shears":1},"minecraft:dropped":{"minecraft:bread":1,"minecraft:iron_sword":1,"minecraft:wheat_seeds":3,"minecraft:oak_log":22,"minecraft:glow_ink_sac":10,"minecraft:cookie":5,"minecraft:feather":2,"minecraft:cobblestone":118,"biomesoplenty:mahogany_planks":8,"minecraft:stick":2,"biomesoplenty:orange_sand":1,"gravestone:obituary":2,"minecraft:iron_pickaxe":2,"minecraft:iron_shovel":1,"minecraft:string":6,"minecraft:dark_oak_planks":29,"minecraft:white_wool":13,"immersivecaves:immersive_caves_guide":1,"minecraft:cobbled_deepslate":64,"minecraft:iron_boots":1,"minecraft:shield":1,"minecraft:andesite":16,"minecraft:jungle_log":1},"minecraft:broken":{"minecraft:iron_shovel":2,"minecraft:iron_axe":1,"minecraft:iron_pickaxe":1,"minecraft:wooden_axe":1},"minecraft:killed":{"minecraft:cave_spider":3,"minecraft:spider":6,"born_in_chaos_v1:thornshell_crab":1,"born_in_chaos_v1:baby_skeleton_minion":1,"born_in_chaos_v1:maggot":3,"minecraft:skeleton":14,"minecraft:chicken":1,"born_in_chaos_v1:corpse_fish":6,"born_in_chaos_v1:bonescaller":1,"resource_ghouls:emerald_stonebore":1,"minecraft:iron_golem":2,"minecraft:bat":1,"born_in_chaos_v1:decrepit_skeleton":1,"minecraft:sheep":1,"minecraft:pillager":5,"minecraft:zombie":6,"born_in_chaos_v1:dread_hound":3,"apollyon:the_damned":1,"minecraft:enderman":1,"minecraft:cow":4},"minecraft:killed_by":{"minecraft:husk":5,"born_in_chaos_v1:nightmare_stalker":2,"minecraft:creeper":2,"born_in_chaos_v1:dark_vortex":1,"graveyard:skeleton_creeper":1,"apollyon:the_damned":4,"minecraft:cave_spider":2,"born_in_chaos_v1:spirit_guide_assistant":1,"iceandfire:ghost":4,"cave_dweller:cave_dweller":1,"born_in_chaos_v1:dread_hound":2},"minecraft:custom":{"minecraft:mob_kills":63,"minecraft:interact_with_crafting_table":32,"minecraft:open_barrel":32,"minecraft:damage_dealt_resisted":196,"minecraft:leave_game":12,"minecraft:time_since_death":38509,"minecraft:climb_one_cm":19498,"minecraft:sprint_one_cm":695964,"minecraft:walk_one_cm":936458,"minecraft:drop":31,"minecraft:talked_to_villager":3,"minecraft:play_time":404968,"minecraft:sneak_time":8973,"minecraft:deaths":39,"minecraft:walk_under_water_one_cm":129172,"minecraft:jump":7557,"minecraft:walk_on_water_one_cm":92255,"minecraft:total_world_time":404968,"minecraft:interact_with_furnace":45,"minecraft:sleep_in_bed":18,"minecraft:time_since_rest":26050,"minecraft:waystone_activated":4,"minecraft:damage_taken":13187,"minecraft:damage_dealt":13731,"minecraft:player_kills":2,"minecraft:swim_one_cm":137746,"minecraft:fly_one_cm":750769,"minecraft:open_chest":98,"minecraft:crouch_one_cm":21134,"minecraft:fall_one_cm":228772},"minecraft:picked_up":{"minecraft:crafting_table":3,"minecraft:cocoa_beans":27,"minecraft:iron_chestplate":2,"minecraft:chicken":1,"minecraft:ladder":1,"iceandfire:fire_lily":2,"aether:iron_gloves":6,"minecraft:pink_wool":22,"minecraft:oak_stairs":1,"minecraft:wither_rose":1,"born_in_chaos_v1:bloody_gadfly_eye":1,"gravestone:obituary":12,"minecraft:string":17,"minecraft:red_bed":7,"minecraft:iron_leggings":2,"minecraft:iron_shovel":2,"minecraft:cobbled_deepslate":130,"minecraft:beef":8,"minecraft:poppy":12,"minecraft:iron_pickaxe":3,"minecraft:light_gray_wool":1,"minecraft:melon_slice":56,"biomesoplenty:wildflower":1,"biomesoplenty:hanging_cobweb":2,"minecraft:iron_boots":2,"minecraft:furnace":1,"minecraft:dark_oak_sapling":1,"minecraft:stick":2,"minecraft:raw_iron":36,"biomesoplenty:stringy_cobweb":2,"minecraft:torch":5,"minecraft:cookie":75,"minecraft:carrot":1,"minecraft:vine":26,"minecraft:dark_oak_planks":72,"born_in_chaos_v1:fried_maggot":2,"minecraft:arrow":23,"minecraft:rotten_flesh":7,"minecraft:iron_block":2,"born_in_chaos_v1:spiny_shell":3,"minecraft:mutton":1,"biomesoplenty:orange_sand":1,"minecraft:white_wool":47,"minecraft:cobblestone":137,"born_in_chaos_v1:fused_bone":1,"minecraft:feather":3,"born_in_chaos_v1:monster_flesh":3,"born_in_chaos_v1:spiritual_dust":1,"minecraft:glow_ink_sac":10,"minecraft:andesite":18,"minecraft:jungle_log":40,"minecraft:brown_wool":47,"minecraft:leather":4,"minecraft:jungle_wood":15,"minecraft:oak_log":39,"minecraft:lapis_lazuli":20,"skilltree:gem":18,"minecraft:dirt":57,"minecraft:white_banner":1,"born_in_chaos_v1:monster_skin":1,"minecraft:cooked_mutton":1,"minecraft:bone":26,"minecraft:glass":32,"minecraft:apple":24,"minecraft:wheat_seeds":15,"minecraft:raw_gold":2,"minecraft:iron_ingot":17,"minecraft:cobweb":1,"minecraft:iron_sword":3,"minecraft:oak_planks":2,"biomesoplenty:mahogany_planks":8,"minecraft:book":10,"minecraft:dark_oak_slab":11,"minecraft:dandelion":1,"minecraft:red_wool":8,"minecraft:quartz":2,"minecraft:gravel":2,"minecraft:sand":569,"minecraft:white_bed":7,"minecraft:jungle_slab":2,"minecraft:dark_oak_log":28,"minecraft:spider_eye":4,"minecraft:jungle_leaves":2,"biomesoplenty:mahogany_log":42,"minecraft:oak_wood":1,"minecraft:soul_lantern":9,"waystones:waystone":2,"minecraft:iron_helmet":1,"minecraft:granite":4,"minecraft:crossbow":1,"minecraft:bone_meal":2,"minecraft:emerald":4,"minecraft:oak_sapling":1,"born_in_chaos_v1:rotten_fish":5,"minecraft:dark_oak_fence":2,"minecraft:oak_leaves":49,"minecraft:coal":39,"iceandfire:raw_silver":2},"minecraft:mined":{"minecraft:dark_oak_planks":72,"minecraft:tuff":4,"minecraft:white_bed":7,"iceandfire:silver_ore":2,"minecraft:dark_oak_leaves":14,"biomesoplenty:desert_grass":4,"minecraft:dark_oak_log":28,"minecraft:jungle_leaves":34,"minecraft:dark_oak_fence":2,"minecraft:ladder":1,"gravestone:gravestone":34,"minecraft:grass_block":7,"minecraft:brown_wool":47,"born_in_chaos_v1:black_argillite":1,"minecraft:jungle_log":40,"minecraft:pink_wool":22,"minecraft:large_fern":4,"minecraft:tall_seagrass":1,"minecraft:furnace":1,"minecraft:iron_ore":30,"minecraft:cobbled_deepslate":34,"minecraft:fire":1,"minecraft:andesite":9,"minecraft:deepslate_lapis_ore":3,"biomesoplenty:hanging_cobweb":4,"minecraft:bookshelf":3,"minecraft:vine":27,"minecraft:deepslate_iron_ore":6,"minecraft:brain_coral_wall_fan":2,"biomesoplenty:spider_egg":1,"minecraft:iron_block":2,"minecraft:stone":68,"minecraft:white_wool":28,"minecraft:red_wool":8,"minecraft:red_bed":7,"biomesoplenty:orange_sand":1,"minecraft:soul_lantern":8,"minecraft:crafting_table":4,"minecraft:torch":1,"minecraft:oak_wood":1,"minecraft:poppy":11,"minecraft:melon":10,"iceandfire:fire_lily":2,"resource_ghouls:quartz_ore":2,"minecraft:glass":7,"minecraft:tall_grass":7,"minecraft:cobblestone":1,"biomesoplenty:sprout":12,"minecraft:deepslate_gold_ore":1,"minecraft:oak_planks":1,"minecraft:wall_torch":1,"minecraft:seagrass":3,"minecraft:jungle_wood":8,"minecraft:dark_oak_slab":9,"biomesoplenty:mahogany_log":43,"minecraft:grass":50,"minecraft:oak_log":27,"minecraft:coal_ore":36,"minecraft:cocoa":1,"minecraft:gravel":2,"minecraft:dirt":15,"minecraft:sand":542,"biomesoplenty:stringy_cobweb":6,"minecraft:cobweb":3,"minecraft:gold_ore":1,"minecraft:deepslate":116,"minecraft:oak_leaves":69,"minecraft:fern":60}},"DataVersion":3465}